length_vs_time_correlation,avg_path_efficiency,efficiency_std
0.9502595562683886,1.032476407670122,0.0500038531014165
